Pays;1995;1996;1997;1998;1999;2000;2001;2002;2003;2004;2005;2006;2007;2008;2009;2010;2011;2012;2013;2014;2015;2016;2017;2018;2019;2020;2021
AFGHANISTAN;NULL;NULL;NULL;NULL;NULL;NULL;NULL;NULL;NULL;NULL;NULL;NULL;NULL;NULL;NULL;NULL;NULL;NULL;NULL;NULL;NULL;NULL;NULL;NULL;NULL;NULL;NULL
ALBANIA;NULL;NULL;NULL;NULL;NULL;NULL;NULL;NULL;NULL;NULL;NULL;NULL;1062;1247;1711;2191;2469;3156;2857;3341;3784;4070;4643;5340;6128;2604;5515
ALGERIA;NULL;NULL;NULL;NULL;NULL;NULL;NULL;NULL;NULL;NULL;NULL;NULL;NULL;NULL;NULL;NULL;NULL;NULL;NULL;NULL;NULL;NULL;NULL;NULL;NULL;NULL;NULL
AMERICAN SAMOA;34;35;26;36;41;44;36;NULL;NULL;NULL;24.5;25.3;24.1;24.3;23.5;23.1;22.6;22.6;20.8;21.6;20.3;20.1;20;20.2;19.2;0.9;NULL
ANDORRA;NULL;NULL;NULL;NULL;2347;2949;3516;3387;3138;2791;2418;2227;2189;2059;1830;1808;2242;2238;2328;2363;2663;2819;3003;3042;3090;1872;1949
ANGOLA;9;21;45;52;45;51;67;91;107;194;210;121;195;294;366;425;481;528;650;595;592;397;261;218;218;64;64
ANGUILLA;39;37;43;44;47;44;48;44;47;54;62;73;78;68;58;62;66;65;69;71;73;79;68.3;55;95;25.4;28.4
ANTIGUA AND BARBUDA;220;228;240;234;232;207;215;218;239;246;245;254;262;266;234;230;241;247;243;249;250;265;247;269;301;125;169.4
ARGENTINA;2289;2614;2764;3012;2898;2909;2620;2820;2995;3457;3823;4173;4562;4700;4308;6800;6703;6497;6510;7165;6816;6668;6711;6942;7399;2090;297
ARMENIA;12;13;23;32;41;45;123;162;206;263;319;382;511;558;575;684;758;963;1084;1204;1192;1260;1495;1652;1894;375;870
ARUBA;619;641;650;647;683;721;691;643;642;728;733;694;772;827;813;824;869;904;979;1072;1225;1102;1070.5;1082;1119;368;807
AUSTRALIA;NULL;NULL;NULL;3825;4109;4530;4435;4420;4354;4774;5020;5064;NULL;NULL;NULL;NULL;NULL;NULL;NULL;NULL;NULL;NULL;NULL;NULL;NULL;NULL;NULL
AUSTRIA;17173;17090;16647;17352;17467;17982;18180;18611;19078;19374;19952;20269;20773;21935;21355;22004;23012;24151;24813;25291;26728;28121;29460;30816;31884;15091;12728
AZERBAIJAN;NULL;NULL;NULL;NULL;NULL;NULL;NULL;576;768;989;693;682;732;1043;1005;1280;1562;1986;2130;2160;1922;2044;2454;2633;2876;587;NULL
BAHAMAS;1598;1633;1618;1528;1577;1544;1538;1513;1505;1561;1625;1613;1538;1469;1336;1378;1355;1431;1377;1444;1496;1499;1452;1633;1807;441;891
BAHRAIN;1396;1201;1611;1640;2019;2420;2789;3167;2955;3514;3914;4519;4935;NULL;NULL;NULL;NULL;NULL;NULL;NULL;3964;3990;4373;4366;3849;827;2182
BANGLADESH;156;166;182;172;173;199;207;207;245;271;208;200;289;467;267;139;157;160;104;134;126;182;237;267;323;182;135
BARBADOS;442;447;472;512;515;545;507;498;531;552;548;563;575;568;519;532;568;536;509;521;592;632;664;680;523;207.4;144
BELARUS;NULL;NULL;NULL;363;315;262;221;209;229;239;253;292;368;477;512;677;783;993;1003;1080;966;1929;2000;2142;2201;577;787
BELGIUM;5560;5829;6037;6179;6369;6457;6452;6720;6690;6710;6747;6995;7045;7165;6815;7186;7494;7560;7684;7887;8355;7481;8385;9119;9343;2584;3243
BELIZE;131;133;146;176;181;196;196;200;221;231;237;247;251;245;232;242;250;277;294;321;341;386;427;489;503;144.1;219
BENIN;138;143;148;152;80;96;88;72;175;174;176;180;186;188;190;199;209;220;231;242;255;267;281;295;309;325;NULL
BERMUDA;387;390;380;370;355;332;278;284;257;272;270;299;306;264;236;232;236;232;236;224;220;244;270;282;269;42.1;72.2
BHUTAN;4.8;5.2;5.4;6.2;7.2;7.6;6.4;5.6;6.3;9.2;13.6;17.3;21;28;23;41;66;105;116;133;155;210;255;274;316;29.8;0.001
BOLIVIA, PLURINATIONAL STATE OF;284;313;355;387;342;319;316;334;427;480;524;521;573;594;599;679;711;798;798;871;882;961;1109;1142;1239;323.3;180
BONAIRE;59;65;63;62;61;51;50;52;62;63;63;64;74;74;67;71;NULL;NULL;NULL;NULL;NULL;NULL;NULL;NULL;NULL;NULL;NULL
BOSNIA AND HERZEGOVINA;NULL;NULL;115;148;147;171;139;160;165;190;217;256;306;322;311;365;392;439;529;536;678;778;923;1053;1198;197;502
BOTSWANA;521;512;607;750;843;1104;1193;1274;1406;1523;1474;1426;1736;2101;1721;1973;NULL;1614;1544;1966;1528;1574;1623;1655;NULL;328.5;NULL
BRAZIL;1991;2666;2850;4818;5107;5313;4773;3785;4133;4794;5358;5017;5026;5050;4802;5161;5433;5677;5813;6430;6306;6547;6589;6621;6353;2146;746
BRITISH VIRGIN ISLANDS;219;244;244;279;284;272;296;282;278;304;337;356;358;346;309;330;338;351;366;386;393;408;335;192;302.4;83;56
BRUNEI DARUSSALAM;NULL;NULL;NULL;NULL;NULL;NULL;NULL;NULL;NULL;119;126;158;179;226;157;214;242;209;225;201;218;219;259;278;333;62.3;3.5
BULGARIA;3466;2795;2980;2667;2472;2785;3186;3433;4048;4630;4837;5158;5151;5780;5739;6047;6328;6541;6898;7311;7099;8252;8883;9273;7775;1290;2300
BURKINA FASO;124;131;138;160;117;126;128;150;163;222;245;264;289;272;269;274;238;237;218;191;163;152;143;144;143;67;106
BURUNDI;34;27;11;15;26;29;36;74;74;133;148;214;192;202;212;142;144;147;234;235;131;187;299;NULL;NULL;NULL;NULL
CABO VERDE;28;37;45;52;67;115;134;126;150;157;198;242;267;285;287;336;428;482;503;494;520;598;668;710;758;180;135
CAMBODIA;220;260;219;287;368;466;605;787;701;1055;1422;1700;2015;2125;2162;2508;2882;3584;4210;4503;4775;5012;5602;6201;6611;1306;196.4
CAMEROON;100;145;232;247;262;277;221;226;NULL;190;176;NULL;NULL;480;495;569;600;812;NULL;NULL;NULL;NULL;NULL;NULL;NULL;NULL;NULL
CANADA;16932;17286;17669;18870;19411;19627;19679;20057;17534;19145;18771;18265;17935;17142;15737;16219;16016;16344;16059;16537;17977;19971;20883;21134;22145;2960;3062.2
CAYMAN ISLANDS;361;373;381;404;395;354;334;303;294;260;168;267;292;303;272;288;309;322;345;383;385;385;418;463;503;122;17.3
CENTRAL AFRICAN REPUBLIC;26;21;17;7.5;10;11.2;9.9;2.9;5.7;8.2;12;13.8;17.1;30.6;52.4;53.8;65.4;70.8;83.5;95.7;120.5;82;107;109;87;34.6;NULL
CHAD;19;20;27;41;46;43;57;32;21;26;29;46;77;61;70;71;77;86;97;119;120;98;87;77;79;11;40
CHILE;1540;1450;1644;1759;1632;1742;1723;1412;1614;1785;2027;2253;2507;2710;2760;2801;3137;3554;3576;3674;4478;5641;6450;5723;4518;1119.1;190
CHINA;20034;22765;23770;25073;27047;31229;33167;36803;32970;41761;46809;49913;54720;53049;50875;55664;57581;57725;55686;55622;56886;59270;60740;62900;65725;7967;NULL
COLOMBIA;1399;631;639;674;546;557;616;567;625;791;933;2045;2254;2317;2364;1405;2043;2180;2288;2552;3099;3370;3712;4020;4169;1262;2155
COMOROS;23;24;26;27;24;24;19.4;18.9;20.6;23.3;25.9;28.5;15.2;14.8;11.3;15.3;18.8;22.8;21.9;22.8;23.6;26.8;28;35.9;45.1;7;28.8
CONGO;37;39;27;20;14;19;27;22;23;31;35;46;55;62;94;194;218;256;343;226;220;211;149;156;NULL;NULL;NULL
CONGO, DEMOCRATIC REPUBLIC OF THE;35;37;30;53;80;103;55;28;35;36;61;55;47;50;53;81;186;167;191;334;354;351;NULL;NULL;NULL;NULL;NULL
COOK ISLANDS;48;48;50;49;56;73;75;73;78;83;88;92;97;95;101;104;113;122;121;122;125;146;161;169;172;25.2;26.3
COSTA RICA;785;781;811;943;1032;1088;1131;1113;1239;1453;1679;1725;1980;2089;1923;2100;2192;2343;2428;2527;2660;2925;2960;3017;3139;1012;1347
COTE D´IVOIRE;NULL;NULL;NULL;NULL;NULL;NULL;NULL;NULL;NULL;NULL;NULL;NULL;NULL;NULL;NULL;NULL;NULL;NULL;NULL;NULL;NULL;NULL;NULL;NULL;NULL;NULL;NULL
CROATIA;1485;2914;4178;4499;3805;5831;6544;6944;7409;7912;7743;7988;8559;8665;8694;9111;9927;10369;10948;11623;12683;13809;15593;16645;17353;5545;10641
CUBA;742;999;1153;1390;1561;1741;1736;1656;1847;2017;2261;2150;2119;2316;2405;2507;2688;2823;2839;2981;3506;3975;4594;4684;4263;1085;355.5
CURAÇAO;224;214;205;199;198;191;205;218;221;223;222;234;300;409;367;342;390;421;441;452;468;441;399;432;464;175;265
CYPRUS;2100;1950;2088;2223;2434;2686;2697;2418;2303;2349;2470;2401;2416;2404;2141;2173;2392;2465;2405;2441;2659;3187;3652;3939;3977;632;1937
CZECH REPUBLIC (CZECHIA);3381;4558;4976;5482;5610;4773;5405;4743;7641;9047;9404;9539;9370;9373;8848;8629;9019;10123;10300;10649;11619;12808;13665;14282.6;14651;3919.4;NULL
DENMARK;NULL;2125;2158;2073;2023;3535;3684;3436;3474;4421;9178;9256;9284;9016;8547;8744;7864;8443;8557;10267;10424;10781;12426;12749;14761;6264;7588
DJIBOUTI;21;20;20;21;21;20.1;21.6;22.5;23.2;26.3;30.2;39.5;40;54;58;51;56;60;63;NULL;NULL;NULL;133;142;167;75;114
DOMINICA;60;63;65;66;74;70;66;69;73;80;79;84;81;81;75;77;76;79;78;81.5;75;78;72;63;90;22;15
DOMINICAN REPUBLIC;1776;1926;2211;2309;2649;2978;2882;2811;3282;3450;3691;3965;3980;3980;3992;4125;4306;4563;4690;5141.4;5600;5959.3;6188;6569;6446;2405;4994
ECUADOR;NULL;NULL;NULL;NULL;NULL;NULL;NULL;NULL;NULL;NULL;NULL;NULL;NULL;NULL;NULL;NULL;NULL;NULL;NULL;NULL;NULL;NULL;NULL;NULL;NULL;NULL;NULL
EGYPT;2871;3528;3656;3213;4490;5116;4357;4906;5746;7795;8244;8646;10610;12296;11914;14051;9497;11196;9174;9628.3;9139;5258;8157;11196;12876;NULL;NULL
EL SALVADOR;235;283;387;542;658;795;735;798;720;951;1127;1279;1339;1385;1091;1150;1184;1255;1283;1345;1402;1434;1556;1677.3;1766;549;1219
EQUATORIAL GUINEA;NULL;NULL;NULL;NULL;NULL;NULL;NULL;NULL;NULL;NULL;NULL;NULL;NULL;NULL;NULL;NULL;NULL;NULL;NULL;NULL;NULL;NULL;NULL;NULL;NULL;NULL;NULL
ERITREA;NULL;NULL;NULL;NULL;NULL;NULL;NULL;NULL;NULL;NULL;NULL;NULL;NULL;NULL;NULL;NULL;NULL;NULL;NULL;NULL;NULL;NULL;NULL;NULL;NULL;NULL;NULL
ESTONIA;530;665;730;825;950;1220;1320;1362;1462;1750;1917;1940;1900;2222;2180;2511;2823;2957;3111;3160;2961;3131;3244;3226;3336;1023;808
ESWATINI;300;315;269;284;289;281;283;256;461;459;837;873;869;756;908;868;879;888;968;939;873;947;921;782;680;193.7;170.3
ETHIOPIA;103;109;139;112;115;136;148;156;180;184;227;330;358;383;427;468;523;597;681;770;864;871;933;849;812;271;518
FIJI;318;340;359;371;410;294;348;398;431;504;545;549;540;585;542;632;675;661;659;693;755;792;843;870;894;146.9;32
FINLAND;1779;1724;1832;2644;2454;2714;2826;2875;2601;2840;3140;3375;3519;3583;3423;3670;4192;4226;2797;2731;2622;2789;3180;3224;3290;896;807
FRANCE;60033;62406;66591;70109;73147;77190;75202;77012;75048;74433;74988;77916;80853;79218;76764;76647;80499;81980;83634;83701;84452;82682;86758;89322;90914;41684;48395
FRENCH GUIANA;NULL;NULL;NULL;68;70;NULL;65;65;NULL;NULL;95;NULL;109;NULL;83;NULL;NULL;NULL;NULL;NULL;87;96;111;NULL;NULL;NULL;NULL
FRENCH POLYNESIA;172;164;180;189;211;252;228;189;213;212;208;222;218;196;160;154;163;169;164;181;184;192;199;216.3;237;77;83
GABON;125;145;167;195;178;155;169;208;222;244;269;NULL;NULL;NULL;NULL;NULL;NULL;NULL;NULL;NULL;NULL;NULL;NULL;NULL;NULL;NULL;NULL
GAMBIA;45;77;85;91;96;79;57;81;89;90;108;125;143;147;142;91;106;157;171;156;449;450;522;552;620;246;332
GEORGIA;NULL;NULL;NULL;NULL;NULL;NULL;NULL;NULL;NULL;NULL;NULL;NULL;NULL;NULL;NULL;1067;1833;2460;2884;2939;3012;3297;4069.4;4757;5080.4;1087;1577
GERMANY;14847;15205;15837;16511;17116;18983;17861;17969;18399;20137;21500;23569;24421;24884;24220;26875;28374;30411;31545;32999;34970;35555;37452;38881;39563;12449;11688
GHANA;286;305;325;348;373;399;439;483;531;584;429;497;587;698;803;931;821;903;994;825;897;933;969;956;1130;355;624
GREECE;10130;9233;10070;10916;12164;13096;14057;14180;13969;13313;14765;16039;16165;15939;14915;15007;16427;15518;17920;22033;23599;24799;27194;30123;31348.4;7374.4;14705
GRENADA;108;108;111;116;125;129;123;132;142;134;99;119;130;130;114;110;118;125;128;150;155;156;168;186;188;54.2;47
GUADELOUPE;640;625;660;580;561;603;521;NULL;439;456;372;375;408;412;347;392;317;325;487;486;512;581;650;735;NULL;NULL;NULL
GUAM;1362;1373;1382;1137;1162;1287;1159;1059;910;1160;1228;1212;1225;1142;1053;1197;1160;1308;1334;1343;1409;1536;1545;1549;1667;328;79
GUATEMALA;NULL;NULL;NULL;NULL;NULL;NULL;NULL;NULL;NULL;NULL;NULL;NULL;1448;1527;1055;1119;1160;1200;1224;1371;1473;1585;1667;1781;1752.4;395.7;602.1
GUINEA;NULL;12;17;23;27;33;38;43;44;45;45;46.1;30;24;NULL;12.4;131;96;56;33;35;63;99;NULL;NULL;NULL;NULL
GUINEA-BISSAU;NULL;NULL;NULL;NULL;NULL;NULL;7.8;NULL;NULL;NULL;5;11.6;15.6;18;16;22.3;36.7;35.4;35.5;36.1;43.8;45.2;49.5;55;52.4;NULL;NULL
GUYANA;106;92;76;66;75;105;99;104;101;122;117;113;134;130;141;152;157;177;200;206;207;235;247;287;315;86.5;158.3
HAITI;145;150;149;147;143;140;142;140;136;96;112;108;386;258;387;255;349;349;420;465.2;516;445;467;447;286;203;148
HONDURAS;271;263;307;321;371;471;518;550;611;641;673;739;804;869;836;863;871;895;863;868;880;838;850;847;724;204;459
HONG KONG, CHINA;NULL;NULL;NULL;7137;7837;8814;8878;10689;9676;13655;14773;15821;17154;17319;16926;20085;22316;23770;25661;27770;26686;26553;27884;29263;23752;1359;89.2
HUNGARY;2878;2979;2887;2871;2789;2992;3070;3013;2948;12212;9979;9259;8638;8814;9058;9510;10250;10353;10624;12140;14316;15255;15785;17552;16937;7417;7929.1
ICELAND;190;201;202;232;263;303;301;285;317;360;374;422;485;502;494;489;566;673;807.3;997;1289;1792;2225;2343.8;2013;486.3;698
INDIA;2124;2288;2374;2359;2482;2649;2537;2384;2726;3457;3919;4447;5082;5283;5168;5776;6309;6578;6968;13107;13284;14570;NULL;NULL;17754;6291;6989
INDONESIA;NULL;NULL;NULL;NULL;NULL;NULL;NULL;NULL;NULL;NULL;NULL;NULL;NULL;NULL;NULL;NULL;NULL;NULL;NULL;NULL;9963;11072;12948;13396;15455;3915.4;1546.3
IRAN, ISLAMIC REPUBLIC OF;NULL;NULL;NULL;NULL;NULL;NULL;NULL;NULL;NULL;NULL;NULL;NULL;NULL;NULL;NULL;NULL;NULL;NULL;NULL;NULL;NULL;NULL;NULL;NULL;NULL;NULL;882
IRAQ;NULL;NULL;NULL;NULL;NULL;NULL;NULL;NULL;NULL;NULL;NULL;NULL;NULL;NULL;NULL;NULL;NULL;NULL;NULL;NULL;NULL;NULL;NULL;NULL;NULL;NULL;NULL
IRELAND;4818;5289;5587;6064;6403;6646;6353;6476;6764;6953;7333;8001;8332;8026;7189;7134;7630;7550;8260;8813;9528;10100;10338;10926;10951;NULL;NULL
ISRAEL;2215;2100;2010;1942;2312;2417;1196;861.9;1063;1505.6;1903;1825;2067;2572;2321;2803;2820;2886;2962;2927;2799;2900;3613;4121;4552;831;397
ITALY;31052;34080;34692;34933;36516;41181;39563;39799;39604;37071;36513;41058;43654;42734;43239;43626;46119;46360;47704;48576;50732;52372;58253;61567.2;64513;25190;26888
JAMAICA;1147;1162;1192;1225;1248;1323;1277;1266;1350;1415;1479;1679;1701;1767;1831;1922;1952;1986;2008.4;2080;2123;2182;2353;2473;2681;880.4;1464
JAPAN;NULL;NULL;NULL;NULL;NULL;NULL;NULL;NULL;NULL;NULL;NULL;NULL;NULL;NULL;NULL;NULL;NULL;NULL;NULL;NULL;NULL;NULL;NULL;NULL;NULL;NULL;NULL
JORDAN;1075;1106;1132;1772;1790;1580;1672;2384;2353;2853;2987;3225;3431;3729;3789;4207;3960;4162;3945;3990;3761;3567;3843.5;4150;4488.4;1067;2012
KAZAKHSTAN;NULL;NULL;NULL;NULL;NULL;1471;1845;2832;2410;3073;3143;3468;3876;3005;2755;2991;4093;4437;4926;4560;NULL;NULL;NULL;NULL;NULL;NULL;NULL
KENYA;918;947;928;792;862;899;841;838;927;1199;1399;1464;1686;1141;1392;1470;1750;1619;1434;1261;1114;1268;1364;NULL;NULL;NULL;NULL
KIRIBATI;3.9;4.2;5.1;5.7;5.1;4.8;4.6;4.9;4.9;3.4;4.1;4.4;4.7;3.9;3.9;4.7;5.3;4.9;5.9;5;3.9;5.7;5.8;7.1;7.9;1.4;0.07
KOREA, DEMOCRATIC PEOPLE´S REPUBLIC OF;NULL;NULL;NULL;NULL;NULL;NULL;NULL;NULL;NULL;NULL;NULL;NULL;NULL;NULL;NULL;NULL;NULL;NULL;NULL;NULL;NULL;NULL;NULL;NULL;NULL;NULL;NULL
KOREA, REPUBLIC OF;NULL;NULL;NULL;NULL;NULL;NULL;NULL;NULL;NULL;NULL;NULL;NULL;NULL;NULL;NULL;NULL;NULL;NULL;NULL;NULL;NULL;NULL;NULL;NULL;NULL;NULL;NULL
KUWAIT;72;76;79;77;84;78;73;96;94;91;104;185;293;259;297;207;269;300;307;198;182;203;183;200;153;86;85
KYRGYZSTAN;36;42;87;59;48;59;99;140;NULL;NULL;NULL;185;243;304;283;259;337;348;415;413;402;321;421;423;235;69;144
LAO PEOPLE´S DEMOCRATIC REPUBLIC;60;93;193;200;259;191;173;215;196;407;672;842;1142;1295;1239;1670;1894;2291;2700;3164;3543;3315;3257;3770;4384;811.6;NULL
LATVIA;539;565;635;576;544;509;591;848;971;1079;1116;1535;1653;1684;1323;1373;1493;1435;1536;1843;2024;1793;1949;1946;1935;636;478
LEBANON;450;424;558;631;673;742;837;956;1016;1278;1140;1063;1017;1333;1844;2168;1655;1366;1274;1355;1518;1688;1857;1964;1936;414;890
LESOTHO;87;134;144;150;186;NULL;NULL;NULL;NULL;NULL;NULL;347;292;285;320;414;397;317;320;NULL;NULL;NULL;NULL;NULL;NULL;NULL;NULL
LIBERIA;NULL;NULL;NULL;NULL;NULL;NULL;NULL;NULL;NULL;NULL;NULL;NULL;NULL;NULL;NULL;NULL;NULL;NULL;NULL;NULL;NULL;NULL;NULL;NULL;NULL;NULL;NULL
LIBYA;56;88;50;32;178;174;169;135;142;43;81;42;38;34;NULL;NULL;NULL;NULL;NULL;NULL;NULL;NULL;NULL;NULL;NULL;NULL;NULL
LIECHTENSTEIN;59;56;57;59;60;61.6;56.5;48.7;49;48.5;49.8;54.9;72.8;72.9;66.5;64.3;67;62.4;59.6;61.3;56.7;69.1;79.3;85.3;98.1;58.4;70.3
LITHUANIA;650;832;1012;1416;1422;1083;1271;1428;1491;1800;2000;2180;1486;1611;1341;1507;1775;1900;2012;2063;2071;2296;2523;2825;2875;937;948
LUXEMBOURG;768;724;778;789;863;852;836;885;867;878;913;908;914;877;847;805;874;950;945;1038;1090;1054;1046;1018;1041;525;756
MACAO, CHINA;4202;4690;3836;4517;5050;5197;5842;6565;6309;8324;9014;10683;12945;10610;10402;11926;12925;13577;14268;14566;14308;15703.6;17255;18493;18633;2822;3697
MADAGASCAR;75;83;101;121;138;160;170;62;139;229;277;312;344;375;163;196;225;256;196;222;244;293;255;291;384;68.3;7.8
MALAWI;192;194;207;220;254;228;266;383;424;427;438;638;735;742;755;746;767;770;795;819;805;849;837;871;978;199;432
MALAYSIA;7469;7138;6211;5551;7931;10222;12775;13292;10577;15703;16431;17547;20973;22052;23646;24577;24714;25033;25715;27437;25721;26757;25948;25832;26101;4333;135
MALDIVES;315;339;366;396;430;467;461;485;564;617;395;602;676;683;656;792;931;958;1125;1205;1234;1286;1390;1484;1703;555;1322
MALI;42;98;75;83;82;86;89;96;110;113;143;153;164;190;160;169;160;134;142;168;159;173;193;203;217;75;168
MALTA;1116;1054;1111;1182;1214;1216;1180;1134;1127;1156;1171;1124;1244;1291;1182;1339;1415;1443;1582;1690;1783;1966;2274;2599;2753;659;968
MARSHALL ISLANDS;5.5;6.2;6.4;6.4;4.6;5.2;5.4;6;7.2;9;9.2;5.8;7.2;6;5.4;4.6;4.6;4.6;NULL;4.9;6.3;5.4;6;6.8;6.1;1.2;0.035
MARTINIQUE;457;477;513;549;564;526;460;447;453;471;484;503;501;481;442;478;497;488;490;490;487;519;536;537;556;312.3;291
MAURITANIA;NULL;NULL;NULL;NULL;24;30;NULL;NULL;NULL;NULL;NULL;NULL;NULL;NULL;NULL;NULL;NULL;NULL;NULL;NULL;NULL;NULL;NULL;NULL;NULL;NULL;NULL
MAURITIUS;422;487;536;558;578;656;660;682;702;719;761;788;907;930;871;935;965;965;993;1038;1151;1275;1342;1399;1383;309;179.8
MEXICO;20241;21395;19351;19392;19043;20641;19810;19667;18665;20618;21915;21353;21606;22931;22346;23290;23403;23403;24151;29346;32093;35079;39291;41313;45024;24824;31860
MICRONESIA, FEDERATED STATES OF;NULL;17.6;17.2;13.4;16.1;20.5;15.3;19.1;18.2;19.3;19;19.1;21.1;25.7;47.5;44.7;35.4;38.3;42.1;35.4;31.2;29.6;NULL;19.2;18;NULL;NULL
MOLDOVA, REPUBLIC OF;32;29;21;19;14;18;16;18;21;69;67;63;70;73;60;64;75;89;95.6;93.9;94.4;121;145;160;174;29;69
MONACO;233;226;259;278;278;300;270;263;235;250;286;313;328;324;265;279;295;292;328;329;331;336;355;347;363;159;218.4
MONGOLIA;NULL;NULL;NULL;165;155;154;187;229;201;301;339;404;452;446;412;456;460;476;418;393;386;404;469;529;577;58.9;33
MONTENEGRO;NULL;NULL;NULL;NULL;NULL;NULL;NULL;136;142;188;272;378;984;1031;1044;1088;1201;1264;1324;1350;1560;1662;1877;2077;2510;351;1554
MONTSERRAT;17.7;8.7;5.1;7.5;9.8;10.3;9.8;9.8;8.4;10.1;9.7;8;7.7;7.4;6.3;6;5.4;7.31;7.2;8.8;8.9;8.7;9.5;10.2;10.4;4.5;1.6
MOROCCO;2602;2693;3072;3095;3817;4278;4380;4453;4761;5477;5843;6558;7408;7879;8341;9288;9342;9375;10046;10283;10177;10332;11349;12289;12932;2778;3722
MOZAMBIQUE;NULL;NULL;NULL;NULL;NULL;NULL;323;541;441;470;578;664;771;1193;1461;1718;1902;2113;1886;1661;1552;1639;1447;2743;2019;952;492
MYANMAR;194;490;491;478;435;416;475;487;597;657;660;630;716;731;763;792;816;1059;2044;3081;4681;2907;3443;3551;4364;903;131
NAMIBIA;272;461;502;614;635;656;670;757;695;716;778;833;929;931;980;984;1027;1079;1176;1320;1388;1469;1499;1557;1596;169.6;232.8
NAURU;NULL;NULL;NULL;NULL;NULL;NULL;NULL;NULL;NULL;NULL;NULL;NULL;NULL;NULL;NULL;NULL;NULL;NULL;NULL;NULL;NULL;NULL;NULL;NULL;NULL;NULL;NULL
NEPAL;363;394;422;464;492;464;361;275;338;385;375;384;527;500;510;603;736;803;798;790;539;753;940;1173;1197;230;151
NETHERLANDS;6574;6580;7841;9312;9874;10003;9500;9595;9181;9646;10012;10739;11008;10104;9921;10883;11300;11680;12783;13925;15007;15828;17924;18780;20129;7265;6248
NEW CALEDONIA;86;91;105;104;100;110;101;104;102;100;101;100;103;104;99;99;112;112;108;107;114;116;121;120;131;31;12.4
NEW ZEALAND;NULL;NULL;NULL;1475;1596;1780;1900;2026;2086;2325;2353;2390;2434;2371;2373;2435;2511;2473;2629;2772;3039;3370;3555;3686;3702;948;205
NICARAGUA;281;303;358;406;468;486;483;472;526;615;712;749;800;858;932;1011;1060;1180;1229;1330;1386;1504;1787;1256;1295;384;222.4
NIGER;35;68;68;41;39;50;52;39;55;57;58;60;48;73;66;74;82;94;123;135;135;152;164;157;192;85;NULL
NIGERIA;656;822;611;739;776;813;850;887;924;962;1010;1111;1212;1313;1414;1555;715;486;600;NULL;1255;1889;1927;1966;2005;502;518
NIUE;2.2;1.5;1.8;1.7;1.9;1.9;1.4;2.1;2.7;2.6;2.8;3;3.5;4.7;4.7;6.2;6.1;5;7;7.4;7.7;8.9;9.8;10.5;10.2;1.3;0.2
NORTH MACEDONIA;147;136;121;157;181;224;99;123;158;165;197;202;230;255;259;262;327;351;400;425;486;510;631;707;758;118;294
NORTHERN MARIANA ISLANDS;669;728;685;481;493;517;438;466;452;525;498;429;385;388;345;375;336;399;436;455;475.1;526;656;517;484;87;12.2
NORWAY;2880;2746;2702;3256;3223;3104;3073;3111;3269;3628;3824;4070;4377;4347;4346;4767;4963;4538;4778;4855;5361;5960;6252;5688;5879;1397;1435
OMAN;279;349;376;424;503;571;829;817;1039;1195;891;1066;1223;1373;1521;1441;1018;1241;1392;1611;1909;2335;2316;2301;2500;622.4;464
PAKISTAN;378;369;375;429;432;557;500;498;501;648;798;898;840;823;855;907;1161;966;NULL;NULL;NULL;NULL;NULL;NULL;NULL;NULL;NULL
PALAU;53;69;74;64;55;58;54;59;63;89;81;82;88;81;71;85;111;120;108;140;162;138;123;106;94;18.4;NULL
PANAMA;345;362;421;431;457;484;519;534;566;621;702;843;1103;1247;1200;1324;1473;1606;1658;1745;2110;1921;1843;1785;1753;414;618
PAPUA NEW GUINEA;42;61;66;67;67;58;54;54;56;59;69;78;104;114;121;140;158;168;174;182;183;179;139;140;160;39;17
PARAGUAY;438;426;395;350;269;289;279;250;268;309;341;388;416;428;439;465;524;579;610;649;1215;1308;1584;1181;1216;252;95
PERU;479;584;649;726;694;800;901;1064;1136;1350;1571;1721;1916;2058;2140;2299;2598;2846;3164;3215;3456;3744;4032;4419;4372;897;444
PHILIPPINES;1760;2049;2223;2149;2171;1992;1797;1933;1907;2291;2623;2843;3092;3139;3017;3520;3917;4273;4681;4833;5361;5967;6621;7168;8261;1483;164
POLAND;19215;19410;19520;18780;17950;17400;15000;13980;13720;14290;15200;15670;14975;12960;11890;12470;13350;14840;15800;16000;16728;17471;18258;19622;21158;8418;9722
PORTUGAL;9511;9730;10172;11295;11632;12097;12167;11644;11707;10639;10612;11282;6788;6962;6439;6756;7264;7503;9177;10497;11723;13359;15432;16186;17283;4208;6345
PUERTO RICO;3131;3065;3242;3396;3024;3341;3551;3087;3238;3541;3686;3722;3687;3716;3183;3186;3048;3069;3172;3246;3542;3736;3513;3068;3180;2617.4;2754.7
QATAR;309;327;333;320;357;378;376;587;557;732;913;946;964;1405;NULL;NULL;NULL;NULL;NULL;NULL;NULL;NULL;NULL;NULL;NULL;NULL;NULL
REUNION;304;350;374;400;394;430;424;426;432;430;409;279;381;396;422;420;471;447;416;406;426;458;508;535;533.6;216.7;251
ROMANIA;2757;3028;2957;2966;3209;3274;NULL;NULL;NULL;NULL;NULL;NULL;NULL;NULL;NULL;NULL;NULL;NULL;NULL;NULL;NULL;NULL;NULL;NULL;NULL;NULL;NULL
RUSSIAN FEDERATION;NULL;NULL;NULL;NULL;NULL;NULL;19457;21279;20443;19892;19940;NULL;NULL;NULL;NULL;NULL;NULL;NULL;NULL;NULL;NULL;NULL;NULL;NULL;NULL;NULL;NULL
RWANDA;NULL;NULL;NULL;NULL;NULL;104;113;NULL;NULL;NULL;NULL;494;567;607;603;605;835;987;1046;1140;1217;1292;1482;1619;1544;460;480
SABA;10;9.8;10.6;10.6;9.3;9.1;9;10.8;10.3;11;11.5;11;11.7;12;12;12.3;NULL;NULL;NULL;NULL;NULL;NULL;NULL;NULL;NULL;NULL;NULL
SAINT KITTS AND NEVIS;79;84;88;93;84;73;71;69;91;118;141;139;123;128;83;98;104;104;107;113;118;116;115;125;120;30;20.2
SAINT LUCIA;231;236;248;252;264;270;250;253;277;298;318;303;287;296;278;306;312;307;319;338;345;348;386;395;424;130.7;199
SAINT VINCENT AND THE GRENADINES;60;58;65;67;68;73;71;78;79;87;96;97;90;84;75;72;74;74;72;71;75;79;76;80;84;27;24.2
SAMOA;68;73;68;78;85;88;88;89;92;98;102;110;117;118;122;122;121;126;116;120.4;128;134;146;164;172;23.1;2.6
SAN MARINO;28;30;28;36;34;43;49;46;41;42;50;50;69;115;151;120;156;139;71;75;54;60;78;84;111;58;94
SAO TOME AND PRINCIPE;6.2;6.4;4.8;5.6;5.8;7.1;7.5;9.2;10;10.6;15.8;12.3;11.8;14.5;15.2;8;12.2;NULL;NULL;NULL;25.6;28.9;28.9;33.4;34.9;10.7;15.1
SAUDI ARABIA;3325;NULL;NULL;NULL;NULL;6585;6727;7511;7332;8599;8037;8620;11531;14757;10897;10850;14179;16332;15772;18260;17994;18044;16109;15334;17526;4138;3477
SENEGAL;280;282;314;352;369;389;396;427;495;667;769;866;875;867;810;900;968;962;1063;963;1006.6;1210;1365;NULL;NULL;NULL;NULL
SERBIA;NULL;NULL;NULL;NULL;NULL;NULL;NULL;312;339;392;453;469;696;646;645;683;764;810;922;1029;1132;1281;1497;1711;1847;446;871
SERBIA AND MONTENEGRO;228;301;298;283;152;239;351;NULL;NULL;NULL;NULL;NULL;NULL;NULL;NULL;NULL;NULL;NULL;NULL;NULL;NULL;NULL;NULL;NULL;NULL;NULL;NULL
SEYCHELLES;121;131;130;128;125;130;130;132;122;121;129;141;161;159;158;175;194;208;230;233;276;303;350;362;384;114.9;183
SIERRA LEONE;13.8;21.9;7.5;12.9;10.6;15.8;24.1;28.4;38.1;43.6;40;33.7;32.2;36;37;39;52;60;81;44;24;55;51;57;63;24;40
SINGAPORE;6070;6048;5894;5122;5604;6062;5857;5855;4703;6553;7079;7588;7957;7778;7488;9161;10390;11098;11899;11864;12052;12913;13903;14673;15119;2086;325
SINT EUSTATIUS;8.8;8.2;8.5;8.6;9.2;9.1;9.7;9.8;10.5;11.1;10.4;9.6;11.6;11.8;12;11.4;NULL;NULL;NULL;NULL;NULL;NULL;NULL;NULL;NULL;NULL;NULL
SINT MAARTEN (DUTCH PART);460;365;439;458;445;432;403;381;428;475;468;468;469;475;440;443;424;457;467;500;505;528;402;178;320;106;249
SLOVAKIA;903;951;814;896;975;1053;1219;1399;1387;1401;1515;1612;1685;1767;1298;1327;1460;1528;4291;3998;4869;5734;5546;5453;5630;NULL;NULL
SLOVENIA;732;832;974;977;884;1090;1219;1302;1373;1499;1555;1617;1751;1958;1824;2049;2236;2377;2502;2675;3022;3397;3991;4425;4702;1216;1832
SOLOMON ISLANDS;11.8;10.3;13.8;15.8;NULL;5.2;NULL;NULL;6.6;5.6;9.4;11.5;13.7;16.3;18.3;20.5;22.9;23.9;24.4;20.1;21.6;23.2;25.7;27.9;28.9;4.4;0.7
SOMALIA;NULL;NULL;NULL;NULL;NULL;NULL;NULL;NULL;NULL;NULL;NULL;NULL;NULL;NULL;NULL;NULL;NULL;NULL;NULL;NULL;NULL;NULL;NULL;NULL;NULL;NULL;NULL
SOUTH AFRICA;4488;4915;4976;5732;5890;5872;5787;6430;6505;6678;7369;8396;9091;9592;7012;8074;8339;9188;9537;9549;8904;10044;10285;10472;10227.5;2802;2256
SOUTH SUDAN;NULL;NULL;NULL;NULL;NULL;NULL;NULL;NULL;NULL;NULL;NULL;NULL;NULL;NULL;NULL;NULL;NULL;NULL;NULL;NULL;NULL;NULL;NULL;NULL;NULL;NULL;NULL
SPAIN;32971;34027;39553;41892;45440;46403;48565;50331;50854;52430;55914;58004;58666;57192;52178;52677;56177;57464;60675;64939;68175;75315;81869;82808;83509;18933;31181
SRI LANKA;403;302;366;381;436;400;337;393;501;566;549;560;494;438;448;654;856;1006;1275;1527;1798;2051;2116.4;2334;1914;508;194
STATE OF PALESTINE;NULL;220;210;200;300;310;43;33;37;56;88;123;264;387;396;522;449;490;545;556;432;400;929;985;1110;170;NULL
SUDAN;29;38;30;36;39;38;50;52;52;61;246;328;436;440;420;495;536;575;591;684;741;800;813;836;NULL;NULL;NULL
SURINAME;43;53;61;55;57;57;54;60;82;138;161;154;167;151;151;205;220;240;249;252;228;256;278;NULL;NULL;NULL;NULL
SWEDEN;2310;2376;2388;2573;2595;3828;4108;4276;4268;4676;4883;4729;5224;4555;4899;5183;11567;12372;10980;10522;6482;6782;7054;7440;7616;1957;2990
SWITZERLAND;6946;6730;7039;7185;7154;7821;7455;6868;6530;NULL;7229;7863;8448;8608;8294;8628;8534;8566;8967;9158;9305;10402;11133;11715;11818;3690;4390
SYRIAN ARAB REPUBLIC;815;830;891;1267;1386;2100;2192;2661;2598;3399;3571;4231;4158;5430;6092;8546;5070;NULL;NULL;NULL;NULL;NULL;NULL;NULL;NULL;NULL;NULL
TAIWAN PROVINCE OF CHINA;NULL;NULL;NULL;NULL;NULL;NULL;NULL;NULL;NULL;NULL;NULL;NULL;NULL;NULL;NULL;NULL;NULL;NULL;NULL;NULL;NULL;NULL;NULL;NULL;NULL;NULL;NULL
TAJIKISTAN;NULL;NULL;NULL;NULL;1.6;3.8;3.5;NULL;NULL;NULL;NULL;NULL;NULL;NULL;NULL;NULL;NULL;NULL;NULL;NULL;NULL;NULL;NULL;NULL;NULL;NULL;NULL
TANZANIA, UNITED REPUBLIC OF;285;315;347;450;564;459;501;550;552;566;590;622;692;750;695;754;843;1043;1063;1113;1104;1233;1275;1378;1443;592;922.7
THAILAND;6952;7244;7294;7843;8651;9579;10133;10873;10082;11737;11567;13822;14464;14584;14150;15936;19230;22354;26547;24810;29923;32530;35592;38178;39916;6702;428
TIMOR-LESTE;NULL;NULL;NULL;NULL;NULL;NULL;NULL;NULL;NULL;NULL;NULL;14;22;36;44;40;51;58;79;60;61.6;65.6;73.9;74.6;80.8;17.9;5.5
TOGO;53;58;92;69;70;60;57;58;61;83;81;94;86;74;150;202;300;235;327;282;273;338;514;573;876;482;NULL
TONGA;29;27;26;27;31;35;32;37;40;41;42;39;46;50;45.7;47.1;46;47.4;48.2;50.4;53.8;59.1;62.5;54;67.3;9;0.2
TRINIDAD AND TOBAGO;260;266;324;334;358;399;383;384;409;443;463;461;449;437;419;388;431;455;434;412;440;409;395;375;389;95;41
TUNISIA;4120;3885;4263;4718;4832;5058;5387;5064;5114;5998;6378;6550;6762;7050;7797;7828;5746;6999;7352;7163;5359;5724;7052;8299;9429;2012;2475
TÜRKIYE;7083;7966;9040;8960;6893;9586;10783;12790;13341;16826;20273;18916;26122;29792;30187;31364;34654;35698;37795;39811;39478;30289;37601;45768;51192;15894;29925
TURKMENISTAN;218;217;257;300;NULL;3.4;5.2;10.8;8.2;14.8;11.6;5.6;8.2;NULL;NULL;NULL;NULL;NULL;NULL;NULL;NULL;NULL;NULL;NULL;NULL;NULL;NULL
TURKS AND CAICOS ISLANDS;79;88;93;111;121;152;166;155;164;173;176;248;265;352;351;281;354;291.7;290.6;358;386;449;416.4;441;487;164.5;405
TUVALU;0.9;1;1;1;1.1;1.1;1.1;1.3;1.4;1.3;1.1;1.1;1.1;1.7;1.6;1.7;1.2;1.1;1.3;1.4;2.4;2.5;2.5;3.1;3.7;0.6;0.04
UGANDA;160;174;175;195;189;193;205;254;305;512;468;539;642;844;807;946;1151;1197;1206;1266;1303;1323;1402;1506;1543;473;513
UKRAINE;3716;3854;7558;6208;4232;6431;9174;10517;12514;15629;17631;18936;23122;25449;20798;21203;21415;23013;24671;12712;12428;13333;14230;14104;13438;3141;3973
UNITED ARAB EMIRATES;2315;2572;2476;2991;3393;3907;4134;5445;5871;6195;7126;NULL;NULL;NULL;NULL;NULL;NULL;NULL;NULL;16232;16842;18143;19168;20214;21561;7165;11479
UNITED KINGDOM;21719;22936;23215;23710;23341;23212;20982;22307;22787;25678;28039;30654;30870;30142;29357;28911;30384;30411;31946;33604;35149;37358;39543;38664;39418;10714;6287
UNITED STATES OF AMERICA;43318;46489;47767;46377;48689;51238;46927;43581;41218;46086;49206;50977;56135;58007;55103;60010;63477.416;66966.897;71642.907;75379.354;77773.526;76407.488;77186.746;79745.918;79442;19212;22100.4
UNITED STATES VIRGIN ISLANDS;454;373;393;422;484;546;527;520;538;563;594;571;587;574;563;572;567;619;590;615;642;667;535;381;514;302.7;684.8
URUGUAY;2022;2152;2316;2163;2073;1968;1892;1258;1420;1756;1808;1749;1753;1938;2055;2353;2857;2695;2683;2682;2773;3037;3674;3469;3059;NULL;NULL
UZBEKISTAN;NULL;NULL;NULL;NULL;NULL;NULL;NULL;NULL;NULL;NULL;NULL;NULL;NULL;NULL;NULL;NULL;NULL;NULL;NULL;NULL;NULL;NULL;NULL;NULL;NULL;NULL;NULL
VANUATU;44;46;50;52;51;58;53;49;50;61;62;68;81;90.5;100.7;97.2;94;108.2;110;109;90;95.1;109.2;115.6;120.6;22;NULL
VENEZUELA, BOLIVARIAN REPUBLIC OF;700;759;814;685;587;469;584;432;337;486;706;748;756;699;562;526;595;988;986;857;789;601;427;NULL;NULL;NULL;NULL
VIET NAM;NULL;975;1114;978;1211;1383;1599;NULL;NULL;NULL;NULL;NULL;NULL;NULL;NULL;NULL;NULL;NULL;7201;7488;7555;NULL;NULL;NULL;NULL;NULL;NULL
YEMEN;61;74;80;88;58;73;76;98;155;274;336;1061;948;1023;1028;1025;829;874;990;1017.5;366.7;NULL;NULL;NULL;NULL;NULL;NULL
ZAMBIA;163;264;341;362;404;457;492;565;413;515;669;757;897;812;710;815;920;859;915;947;932;956;1009;1072;1266;502;554
ZIMBABWE;1363;1577;1281;1986;2101;1868;2068;NULL;NULL;NULL;NULL;NULL;NULL;NULL;NULL;NULL;NULL;NULL;NULL;NULL;NULL;NULL;NULL;NULL;NULL;NULL;NULL
nan;nan;nan;nan;nan;nan;nan;nan;nan;nan;nan;nan;nan;nan;nan;nan;nan;nan;nan;nan;nan;nan;nan;nan;nan;nan;nan;nan
